NumberOfThreads;NumberOfIterations;RunTime;HowFair; 
0;4;0.00756503;0.2;
1000;4;0.55882;1;
2000;4;0.362934;1;
3000;4;0.506;1;
4000;4;0.877374;1;
5000;4;0.366219;1;
6000;4;0.729895;1;
7000;4;0.219642;1;
8000;4;0.427721;1;
9000;4;0.311257;1;
